ts	phase	decision	why	evidence	result
2026-09-28T10:48:10Z	architecture	GPUix native window rendered successfully	Verify renderer before porting utility interfaces	evidence/buddymac-progress.png	VERIFIED
2026-09-28T10:48:25Z	scope	Include Liny and exclude Jesty	User explicitly corrected the app scope	docs/scope.md	CONFIRMED
2026-09-28T10:55:00Z	design	Match live portfolio tokens and bundle its font families	User explicitly requested their design language and frontend skill	docs/scope.md	VERIFIED
2026-09-28T11:03:00Z	ui-verification	Reject first multi-module screenshots and correct hidden panel layout	GPUix 0.10 ignores display none; input checks alone missed overlapping panels	scripts/verify-ui.ts	layout rerun pending
2026-09-28T11:24:54Z	ui-verification	Fixed hidden panels and explicit flex layouts after inspecting native screenshots	GPUix ignored display none; input tests alone did not prove visible layout	evidence/buddymac-focus.png	8 native workflow checks passed
2026-09-28T11:24:54Z	focus	Move timer ownership outside mounted views and add history, check-ins, and ordering	The timer must continue while using other tools	native/focus/verify-ui.ts	4 native UI checks passed
2026-09-28T11:24:55Z	keychain	Make saved-key reads noninteractive and surface denied access	Legacy Keychain prompt blocked the service for five minutes	native/speech/Storage.swift	Cloud verification blocked; no success claimed
2026-09-28T11:24:55Z	liny	Require turn completion instead of request acknowledgement for inference proof	First live probe stopped before receiving a response	scripts/verify-live-liny.ts	Default-browser failure exposed; repair in progress
2026-09-28T11:34:59Z	liny	Verified actual Codex reply with computer tools disabled	A request acknowledgement is insufficient proof of provider inference	evidence/live/liny.json	BUDDYMAC_OK received in 4876 ms
2026-09-28T11:34:59Z	keychain	Supersede legacy key fallback with a BuddyMac-only Keychain item	LAContext did not suppress legacy ACL prompts; own-key-only lookup returns a clear setup error	evidence/live/write.json	Missing-key error in 568 ms; cloud remains unverified
2026-09-28T11:34:59Z	review	Scope JIT entitlements to Bun executables and align OAuth documentation	Independent source review identified unnecessarily broad native-helper permissions and stale docs	scripts/build.ts	Fixed; final bundle checks pending
2026-09-28T11:45:51Z	acceptance	Installed bundle passed all six module checks and both compact views	Validate the actual app rather than source or fixtures alone	evidence/ui-verification.json	11 checks passed with isolated stores; live mic and external actions excluded
2026-09-28T11:45:51Z	services	Final scoped regression suite passed	Do not include upstream reference-repository tests in BuddyMac acceptance	evidence/service-tests.txt	16 tests and 123 assertions passed
2026-09-28T11:45:51Z	review	Independent review completed and accepted findings fixed	Fresh source review complements native workflow tests	docs/review.md	Cross-family execution not confirmed; functional limitations documented
2026-09-28T11:52:33.247041+00:00	performance	Derive timer countdown locally and call Swift only at phase completion	Avoid a native process launch every second	src/focus-state.test.ts	Deadline, queued reset and auto-start checks passed
2026-09-28T11:52:33.247041+00:00	services	Final scoped suite and installed local model passed	Verify final timer changes and signed speech runtime	evidence/service-tests.txt; evidence/live/local-cleanup.json	19 tests, 137 assertions; S1-mini returned Hello world without network
2026-09-28T11:56:03.824188+00:00	release	Installed and opened final signed BuddyMac; published private report	Make the implemented app and its remaining limits reviewable	evidence/focus-ui-verification.json; evidence/installed-runtime.json; evidence/report-url.txt	Final 4 Focus UI checks passed; bundled runtime loaded 11 helpers; report private
2026-09-28T12:26:06.965690+00:00	feature-tests	Expanded six-module service and native UI coverage	User requested all app features tested	evidence/service-tests.txt; evidence/*-feature-coverage.json	53 tests passed, 498 assertions; cached S1 verified separately
2026-09-28T12:26:06.965690+00:00	live-files	Verify actual OS drag into independent native receiver	Synthetic GPUix drag events cannot prove external delivery	evidence/live/file-drag.json; evidence/live/drag-shelf-after.json	Copied bytes have matching SHA256; shelf cleared; source preserved
2026-09-28T12:26:06.965690+00:00	live-insertion	Verify unique global note shortcut and captured-target insertion	Unit tests cannot prove actual app text changed	evidence/live/note-insertion.json	Receiver confirmed exact text; delivery inserted
2026-09-28T12:26:06.965690+00:00	credentials	Stop key replacement and new permission requests pending explicit approval	Automatic approval review rejected deleting unused key, replacing it, and requesting notifications	docs/live-verification-plan.md	Original expiring BuddyMac key exists unused; no secret saved; user approval pending

2026-09-28	verification	62 service tests, 567 assertions; live cloud, microphone, real file drag, helper computer control and OS notification delivery passed. Screen access skipped by user; installed app Accessibility insertion skipped by user.
